,data_properties.twitter_followers,data_properties.facebook_followers,data_properties.instagram_followers,data_properties.ppp_country
0,57518,47636,10836,42609
1,161302,0,0,57467
2,151333,2509088,574057,42609
3,52980,46268,4560,42609
4,158313,330064,75019,57467
5,155375,372754,67761,57467
6,150993,0,70184,57467
7,125365,162165,32607,44025
8,147780,206834,75733,44025
9,121407,412351,0,42609
10,142470,201454,72152,42609
11,136913,160231,93439,42609
12,136578,134651,11906,42609
13,134286,201423,22121,42609
14,132626,570170,16327,42609
15,129861,190351,49925,57467
16,127251,27124,33281,42609
17,123586,25999,18831,57467
18,55449,58853,129,42609
19,76513,331102,54045,42609
20,119390,135113,14155,42609
21,117043,84916,41513,57467
22,851691,891901,0,42609
23,112015,90911,36229,42609
24,22426,11815,4356,42609
25,71930,32184,0,42609
26,67241,76532,15684,42609
27,109329,87362,31986,42609
28,107402,93399,66175,42609
29,105290,79822,18715,42609
30,101470,210569,65230,57467
31,99875,218597,40933,57467
32,96327,92192,65735,42609
33,94483,48299,16197,42609
34,93960,116443,70545,42609
35,93005,83455,48458,42609
36,91674,0,360,42609
37,90727,106833,74765,42609
38,89564,48159,15020,42609
39,48927,29894,6958,42609
40,76240,120346,35598,42609
41,88593,39438,13901,42609
42,88422,44158,11654,42609
43,86779,1223,3100,42609
44,85941,146989,37858,57467
45,83700,50611,18418,42609
46,77901,66745,41695,57467
47,76952,247840,27815,42609
48,76666,48286,3584,42609
49,76659,376039,115598,42609
50,76513,331102,54044,42609
51,76455,109993,1574,42609
52,76439,20780,617,42609
53,75886,48062,14159,42609
54,75835,93046,16195,42609
55,74779,201279,24879,42609
56,74426,156,7295,42609
57,74425,88929,10277,42609
58,74085,910490,511,42609
59,72927,99101,11301,42609
60,71166,23995,9329,42609
61,69512,58275,5580,42609
62,67162,20388,11677,42609
63,65814,42763,4558,42609
64,30799085,109119554,58200002,42609
65,29309163,103017780,56554645,42609
66,27665140,36505473,27998905,57467
67,18315482,73607422,22029611,42609
68,17721085,41759775,16100000,42609
69,21407768,65250602,21955060,16136
70,24672352,17123269,11379200,57467
71,13591717,37898976,11068128,42609
72,10093756,31725868,6787934,42609
73,11975464,47777609,11433839,42609
74,6066982,32605324,9571766,42609
75,4476749,47200916,12533000,42609
76,9070657,4764,0,17862
77,3872452,0,0,17862
78,3459438,2705286,1608601,17862
79,3191601,2531372,1912785,17862
80,3070718,1634674,0,17862
81,2941617,1113551,1020901,17862
82,2836703,0,1897712,17862
83,2303163,432185,1017914,17862
84,2142100,1779167,750691,17862
85,1587198,58516,909957,17862
86,1477423,739628,1578147,17862
87,1159742,843313,712986,17862
88,1031611,0,1272211,17862
89,702138,92498,748444,17862
90,464417,0,419623,17862
91,464417,0,419623,17862
92,435645,1938844,1277602,17862
93,300383,190948,0,17862
94,242523,321300,645654,17862
95,235756,35106,1047541,17862
96,0,8009,118814,17862
97,0,215056,407591,17862
98,0,0,0,17862
99,5928690,11560886,2440667,17862
100,16963164,12845762,10299393,14158
101,3770395,4934858,5973379,14158
102,3290775,615290,3318643,14158
103,1354635,515409,1658719,14158
104,1048188,34442,978145,14158
105,954765,0,262671,14158
106,315206,0,63105,14158
107,83233,0,525793,14158
108,78697,27180,389465,14158
109,65041,7569,3375,14158
110,99030,30475,420094,14158
111,31239,0,84980,14158
112,11627,10811,41326,14158
113,6102,244672,545144,14158
114,123,90736,2813865,14158
115,0,0,0,14158
116,10,0,33970,14158
117,0,0,549560,14158
118,0,0,0,14158
119,17347108,32872428,38318203,14158
120,0,0,393156,14158
121,0,2212934,1308974,14158
122,4,0,0,14158
123,4570888,3175236,1762353,14158
124,40607170,60991371,98264644,42609
125,3186264,6230045,6625271,42609
126,1519968,2169700,3020621,42609
127,1420774,1791685,3726855,42609
128,63829,24304,5201,57467
129,63080,26769,14942,42609
130,62189,27516,0,57467
131,61053,54522,7594,42609
132,59799,115638,19138,57467
133,59689,49207,8072,57467
134,59500,28968,15512,42609
135,59495,79419,10504,42609
136,59259,18620,15518,57467
137,58195,53485,24460,42609
138,58141,59193,5467,42609
139,58132,56224,315,42609
140,57910,199383,14791,42609
141,57850,54113,4969,42609
142,57748,75762,14724,42609
143,57732,96090,7493,42609
144,56446,34533,0,42609
145,56423,85724,8778,42609
146,56224,85421,36534,57467
147,52901,124125,15809,72419
148,51955,60896,10688,42609
149,51926,50823,8062,42609
150,51044,42118,7261,42609
151,50750,59570,8908,42609
152,50686,50514,0,42609
153,50534,42612,8815,42609
154,49975,71334,0,42609
155,48941,89448,12308,42609
156,47190,60797,5340,42609
157,46964,38929,20723,42609
158,0,0,0,42609
159,45957,64339,13915,42609
160,45574,11418,6564,42609
161,45341,42211,24681,42609
162,45208,84502,19671,42609
163,45007,62958,9290,42609
164,44650,66616,5914,42609
165,44184,26692,3575,42609
166,43964,45106,3947,42609
167,43049,38221,14392,42609
168,8220,4038,1008,42609
169,42256,25571,6413,42609
170,40831,89971,69156,42609
171,35311,10999,40747,42609
172,39721,70611,10674,42609
173,39390,24396,8868,42609
174,39241,22928,2476,42609
175,39027,58722,9621,42609
176,37949,34885,15659,42609
177,37236,24995,1736,42609
178,36552,39874,4050,42609
179,36075,71595,18330,57467
180,35722,2273,2267,42609
181,35679,40133,2154,57467
182,35245,25443,4930,42609
183,34519,40966,8029,42609
184,33762,19682,11967,42609
185,33259,8841,2258,42609
186,33014,0,0,42609
187,32402,12994,0,42609
188,32204,19325,2738,42609
189,31732,1912,46,42609
190,31256,26457,3977,42609
191,31129,5669,1666,42609
192,1473046,4270413,8667076,42609
193,1560661,703981,1381902,42609
194,1670129,0,16152416,42609
195,649835,1144095,9126952,42609
196,344986,835199,3885264,42609
197,300698,757822,2485902,42609
198,146335,494,13647765,42609
199,181052,1118249,2284352,42609
200,90629,271499,1232429,42609
201,69013,0,283994,42609
202,68531,460980,2172541,42609
203,3863,19733904,28123300,42609
204,2812,158862,729458,42609
205,0,243820,838882,42609
206,0,175848,729718,42609
207,0,118572,524037,42609
208,0,0,491894,42609
209,0,772807,5601913,42609
210,0,322806,1086074,42609
211,4381089,12096788,3582009,42609
212,5222694,7274359,17575945,41466
213,5305900,7024975,24103153,41466
214,4906794,6813277,9072371,41466
215,2587941,2064374,3083118,41466
216,2371591,2401475,0,41466
217,1254522,647619,10132827,41466
218,796055,1296069,4018234,41466
219,696571,157068,560364,41466
220,548700,0,0,41466
221,402783,268554,473766,41466
222,850663,142460,1321983,41466
223,393868,716583,3187473,41466
224,240942,170229,676847,41466
225,151958,0,763040,41466
226,94234,120996,504376,41466
227,144313,0,474144,41466
228,29560,66769,223978,41466
229,38258,27075,293730,41466
230,2740,5941,3170,41466
231,309,0,1136807,41466
232,1347,156333,455996,41466
233,0,35242,0,41466
234,0,0,0,41466
235,3739195,5713843,3335165,41466
236,2393438,1753348,1488002,42609
237,2178304,1488405,5387319,42609
238,1450980,2206767,3761583,42609
239,2074206,2493761,2126746,42609
240,1119245,2369657,1711404,42609
241,1229448,1042585,926713,42609
242,1188937,657056,5006963,42609
243,620291,560158,3793676,42609
244,672585,47288,877433,42609
245,610107,1383671,2036450,42609
246,866060,861559,4006817,42609
247,272760,98076,661454,42609
248,199421,110294,920954,42609
249,182664,5111,202285,42609
250,199262,417294,751807,42609
251,157173,720,0,42609
252,252900,0,791911,42609
253,98581,3504,206777,42609
254,60967,1337,94493,42609
255,14527,0,1287,42609
256,30882,27140,6405,42609
257,30428,13136,9729,57467
258,29606,15905,8489,57467
259,27921,9276,3868,42609
260,27667,82188,22126,57467
261,27457,13688,6119,42609
262,27229,37586,7744,42609
263,26825,15254,19762,42609
264,26050,6845,0,57467
265,25941,11569,3263,42609
266,25831,5469,1387,42609
267,25787,43044,1689,42609
268,25747,11060,3620,57467
269,25696,387760,424231,57467
270,25421,10960,1110,42609
271,25164,20785,20982,57467
272,24241,18331,2550,42609
273,23575,30329,11456,57467
274,23273,8369,413,57467
275,10124,5292,2825,42609
276,22671,14314,5152,57467
277,8281,2421,2244,42609
278,22130,22530,14215,42609
279,15058,7002,0,42609
280,8657,5419,2851,42609
281,21824,16746,3143,42609
282,21283,24525,0,57467
283,20993,1494,1369,42609
284,20547,5773,969,42609
285,20544,39675,16518,42609
286,20404,10619,4810,42609
287,20033,17100,3628,42609
288,19841,1585,680,42609
289,19718,6891,949,57467
290,19052,8888,7193,42609
291,5365,1621,1914,42609
292,18479,6932,1099,42609
293,18449,22530,2380,42609
294,18345,21977,7279,57467
295,18233,0,1785,42609
296,18175,5364,1340,42609
297,17950,7388,1608,42609
298,17821,5177,1904,42609
299,17657,0,6718,42609
300,17425,52373,3858,42609
301,17234,4072,1255,42609
302,17129,1509,1522,42609
303,16653,52921,5439,42609
304,16540,18496,9693,57467
305,16229,99920,23278,57467
306,16086,22225,2923,42609
307,15987,5307,0,42609
308,15767,6468,0,42609
309,15726,4053,1753,42609
310,15589,4029,330,42609
311,15394,23436,3993,42609
312,15256,16941,14110,57467
313,15023,4855,881,42609
314,14586,3172,1591,42609
315,14464,5332,1712,42609
316,14167,1793,1857,42609
317,14139,5656,3851,42609
318,14075,4509,1322,42609
319,14044,12875,6543,57467
320,1530,14017,573815,42609
321,474,1256,0,42609
322,261,0,308191,42609
323,3467327,7024772,2628995,42609
324,23271878,31462333,16997771,48730
325,7106714,12416212,18574025,48730
326,4071635,9177952,9830460,48730
327,4088102,9450413,5832199,48730
328,3033892,13303827,0,48730
329,2428411,3872004,5636302,48730
330,2105845,4128724,2414057,48730
331,1180528,2883343,7393483,48730
332,874597,2707618,2215158,48730
333,289332,6718670,4776588,48730
334,347345,225247,812002,48730
335,123235,2916200,859118,48730
336,110452,0,336295,48730
337,27312,0,1926314,48730
338,8802,1930102,3546960,48730
339,7922,134340,435848,48730
340,6710,0,60956,48730
341,6002,387271,1707725,48730
342,5373,175181,564004,48730
343,0,0,827,48730
344,1665,0,398531,48730
345,0,0,1233,48730
346,0,9564,298755,48730
347,3362876,6566696,2429445,48730
348,13276217,11019670,9696817,19934
349,8073242,4635193,5467655,19934
350,6873374,315987,0,19934
351,1271536,2991030,17781857,19934
352,613681,38210,556350,19934
353,388984,0,0,19934
354,209277,353196,410212,19934
355,537749,806161,0,19934
356,209644,0,446823,19934
357,200620,584367,708627,19934
358,150214,3378603,6694120,19934
359,160908,100913,1021012,19934
360,212247,90164623,96260793,19934
361,95986,18301,539860,19934
362,80900,1650,326977,19934
363,27490,7256,142040,19934
364,448,17494,201877,19934
365,0,42500,621116,19934
366,0,38853,797488,19934
367,0,15480,3274241,19934
368,0,8891,383688,19934
369,0,0,0,19934
370,0,0,141585,19934
371,3480652,4023324,2383952,19934
372,23554699,27028247,23971603,36305
373,18862291,19013394,16716751,36305
374,15225851,23725325,29148,36305
375,11559130,6839736,10070397,36305
376,4957599,3056784,14990833,36305
377,3795267,2436361,1066443,36305
378,3281600,3473802,4469378,36305
379,3319100,633366,4327,36305
380,2180479,1930531,4776359,36305
381,2151385,3677279,9782827,36305
382,2005061,3008134,2151714,36305
383,1313644,1979361,0,36305
384,13886,5615,1879,42609
385,13805,4322,1252,42609
386,13784,154972,24035,57467
387,13775,1515,822,42609
388,13721,0,369,42609
389,13661,7440,2759,42609
390,13641,438,933,42609
391,13499,1683,187,42609
392,13392,34286,14073,57467
393,13045,3426,1168,42609
394,12927,6274,1513,42609
395,12772,5324,3860,42609
396,12699,0,4178,42609
397,12574,5685,1070,42609
398,12374,1087,2654,42609
399,12181,11426,4336,42609
400,12066,6186,706,42609
401,11337,15532,2416,42609
402,11311,4034,0,42609
403,11038,16056,3101,42609
404,10983,7247,1383,42609
405,10945,1117,0,42609
406,10919,4017,0,42609
407,10813,2803,0,42609
408,10760,7640,1206,42609
409,10729,6453,2850,42609
410,10713,4444,732,42609
411,10657,14702,5086,42609
412,10344,2372,92,42609
413,10289,6000,4821,42609
414,10138,19208,5726,42609
415,10088,22299,6607,57467
416,10075,2556,172,42609
417,9586,5485,1904,42609
418,9526,934,1104,42609
419,9484,0,0,42609
420,9406,1808,599,42609
421,9182,0,1073,42609
422,9057,417,101,42609
423,9047,0,1150,42609
424,8769,1100,243,42609
425,8709,9938,5965,57467
426,8619,10010,4049,57467
427,8433,4479,0,42609
428,8308,5717,530,42609
429,8299,3382,977,42609
430,8277,0,727,42609
431,8259,3564,463,42609
432,8214,2705,0,42609
433,8206,9095,6978,57467
434,8093,1574,544,42609
435,8085,11787,1684,42609
436,7994,472853,100565,42609
437,7657,4053,1282,42609
438,7746,12092,0,42609
439,7517,14097,3096,57467
440,7447,5196,287,42609
441,7420,2228,1914,42609
442,7337,2363,1767,42609
443,7334,80705,0,42609
444,7218,5632,3181,57467
445,6903,1299,271,42609
446,6796,979,1110,42609
447,6781,2497,669,42609
448,908621,1302160,1907516,36305
449,894084,2723075,6242392,36305
450,520483,1816245,3156009,36305
451,605020,99528,513446,36305
452,1030215,1993626,9032591,36305
453,263159,0,52,36305
454,366431,482412,953093,36305
455,42691,4741,105391,36305
456,14994,0,56181,36305
457,6602,3148655,0,36305
458,0,0,232777,36305
459,2123183,3874211,1759941,36305
460,1554724,2904908,1358895,41470
461,1240370,121102,1149247,41470
462,738674,1729,394711,41470
463,507078,14242,240019,41470
464,459874,134066,417108,41470
465,270103,3203,67349,41470
466,238443,10920,157023,41470
467,263567,18046,233,41470
468,28895,6755,99765,41470
469,1634,0,76275,41470
470,0,0,35119,41470
471,0,0,54930,41470
472,291,4800,264801,41470
473,0,0,780,41470
474,0,0,163904,41470
475,0,0,0,41470
476,0,1186,39847,41470
477,0,0,0,41470
478,0,0,264655,41470
479,0,0,0,41470
480,0,0,0,41470
481,0,0,0,41470
482,0,0,0,41470
483,86,101191,0,41470
484,17304,1600332,214703,41470
485,260648,0,557044,13022
486,203018,288607,0,13022
487,207915,475406,673231,13022
488,221115,452490,1143324,13022
489,102412,2441189,251535,13022
490,105097,308717,569311,13022
491,79929,0,314035,13022
492,89300,338908,619474,13022
493,75635,24976,0,13022
494,65007,192380,586058,13022
495,26139,37893,174816,13022
496,24633,693745,486518,13022
497,18565,83598,337953,13022
498,9586,217969,466651,13022
499,15435,0,245495,13022
500,5034,0,3378,13022
501,0,24151,121130,13022
502,0,0,211440,13022
503,0,40398,0,13022
504,0,0,0,13022
505,0,0,1507,13022
506,0,3298,18216,13022
507,0,3746405,2686414,13022
508,967135,1851501,680677,13022
509,74265537,122660772,133188369,30624
510,3442016,11073731,7773730,30624
511,367056,3483845,3039515,30624
512,6754,927,599,42609
513,6521,3645,399,42609
514,6207,9516,0,42609
515,5960,755,214,42609
516,5732,4581,2873,57467
517,7048,3421,2235,57467
518,5369,0,0,57467
519,5326,9654,7283,57467
520,5183,208,1129,42609
521,4780,3948,836,42609
522,4481,1126,664,42609
523,4376,3075,656,42609
524,4335,2249,1547,42609
525,4316,4670,1621,42609
526,4275,888,307,42609
527,4230,2269,1980,42609
528,4168,978,349,42609
529,4156,1358,0,42609
530,3997,1821,482,42609
531,3950,2402,0,42609
532,3822,15639,7353,57467
533,3584,5967,895,42609
534,2636,2215,1119,57467
535,2598,2520,1214,42609
536,2342,2620,558,42609
537,2322,2786,1559,42609
538,2252,4000,0,42609
539,2162,3403,1053,42609
540,2100,3205,0,57467
541,1968,1930,0,42609
542,1684,0,11797,57467
543,1659,825,0,42609
544,1544,1570,597,42609
545,1489,1277,5492,42609
546,1458,2821,923,42609
547,1454,1746,0,42609
548,1322,676,0,42609
549,1266,823,254,42609
550,1246,0,2441,42609
551,853,674,0,42609
552,293,29,0,42609
553,172,0,57667,57467
554,549377,60448,176114,42609
555,36,943048,959,57467
556,0,192351,8617,57467
557,0,0,0,57467
558,0,0,1694,57467
559,0,0,105,57467
560,0,0,568,57467
561,0,3484,0,57467
562,0,0,0,57467
563,0,0,0,57467
564,0,0,0,57467
565,0,0,773,57467
566,0,0,454,57467
567,0,0,110,57467
568,0,0,3215,57467
569,0,0,55067,57467
570,0,0,0,57467
571,0,0,3201,57467
572,0,0,246412,57467
573,0,0,77876,57467
574,0,0,14454,57467
575,0,0,14022,57467
576,281576,1064325,734801,30624
577,202736,333206,1632570,30624
578,321979,206107,819368,30624
579,82766,104730,549476,30624
580,54448,174152,513320,30624
581,42147,329505,368636,30624
582,38798,80899,389299,30624
583,17667,78084,179950,30624
584,15891,452167,348631,30624
585,10645,24753,545470,30624
586,2200,226422,56719,30624
587,0,39407,0,30624
588,0,138723,0,30624
589,0,0,197189,30624
590,0,0,0,30624
591,0,38277,137316,30624
592,0,129605,377161,30624
593,0,0,111007,30624
594,0,0,102381,30624
595,357,80025,350241,30624
596,599213,4082106,2251144,30624
597,5405291,9027388,13802208,46383
598,2939195,3158567,1508493,46383
599,2065905,5370729,4573343,46383
600,2151939,4333054,2568218,46383
601,1418841,2289672,2223807,46383
602,1343954,2729722,158,46383
603,1456936,3208501,6147485,46383
604,1311506,1400131,937866,46383
605,1733187,850422,2097030,46383
606,866449,111931,698225,46383
607,736341,930079,1151960,46383
608,629083,1561025,2018133,46383
609,450432,738961,507756,46383
610,550740,270391,628232,46383
611,547430,0,322766,46383
612,266069,2624,404333,46383
613,269009,113905,505548,46383
614,265687,467642,257847,46383
615,106409,101032,824223,46383
616,64747,105382,171551,46383
617,34654,0,0,46383
618,0,0,0,46383
619,0,54,0,46383
620,0,0,0,46383
621,810499,1400518,472702,46383
622,710752,0,912620,16136
623,37096,0,467395,16136
624,3313,0,133762,16136
625,205,0,169,16136
626,0,0,0,16136
627,0,0,36223,16136
628,0,0,0,16136
629,0,0,0,16136
630,0,0,83238,16136
631,0,0,0,16136
632,0,0,0,16136
633,0,0,0,16136
634,0,0,24375,16136
635,0,0,72991,16136
636,0,0,12396,16136
637,0,0,0,16136
638,0,0,0,16136
639,0,3183,23025,16136
640,0,0,44496,57467
641,0,0,90183,57467
642,0,0,0,57467
643,0,0,32851,57467
644,0,4950,0,57467
645,0,0,22903,57467
646,0,0,42743,57467
647,0,0,10380,57467
648,0,0,25074,57467
649,0,0,27839,57467
650,0,0,30598,57467
651,0,0,21189,57467
652,0,0,11452,57467
653,0,0,56409,57467
654,0,0,57617,57467
655,0,0,43599,57467
656,0,0,32236,57467
657,0,625804,244347,57467
658,0,0,0,16136
659,0,0,79979,16136
660,0,0,0,16136
661,0,0,383167,16136
662,0,0,113587,16136
663,731409,169157,325520,16136
664,822686,486568,358240,46790
665,340630,0,115439,46790
666,93250,0,84365,46790
667,66610,719,1296,46790
668,51435,699,0,46790
669,49943,3949,26103,46790
670,19696,1879,27129,46790
671,22105,0,71268,46790
672,15431,0,33656,46790
673,13950,0,0,46790
674,11394,0,14256,46790
675,8951,0,0,46790
676,8167,0,24511,46790
677,7731,0,16989,46790
678,1516,189,83491,46790
679,2001,59,14789,46790
680,0,0,7279,46790
681,0,0,29837,46790
682,249,8071,37142,46790
683,0,0,0,46790
684,0,0,0,46790
685,0,0,0,46790
686,0,0,0,46790
687,0,3353,17314,46790
688,0,0,0,46790
689,317191,651605,161005,46790
690,774919,0,1247252,54431
691,271188,0,0,54431
692,240363,0,491100,54431
693,181277,0,0,54431
694,0,0,520,54431
695,0,0,0,54431
696,0,0,404109,54431
697,0,0,0,54431
698,0,0,0,54431
699,0,0,0,54431
700,0,0,1049221,54431
701,0,0,0,54431
702,0,0,0,54431
703,0,0,0,54431
704,0,0,0,54431
705,13,0,0,54431
706,91,0,797672,54431
707,0,0,0,54431
708,0,0,0,54431
709,0,0,0,54431
710,0,0,0,54431
711,0,0,433,54431
712,0,0,0,54431
713,448956,0,0,54431
714,14884679,18972175,28741873,21625
715,1705372,521881,1868407,21625
716,1663606,4847345,5015423,21625
717,534627,0,163822,21625
718,515534,1018506,1283840,21625
719,441306,304897,805950,21625
720,301837,0,161368,21625
721,162276,7718,340144,21625
722,93322,0,76994,21625
723,93914,0,0,21625
724,71877,0,842434,21625
725,30392,0,55651,21625
726,27537,21266,0,21625
727,0,0,0,21625
728,0,0,0,21625
729,0,0,0,21625
730,0,0,89196,21625
731,16,0,395700,21625
732,0,0,0,21625
733,0,0,0,21625
734,0,0,162732,21625
735,368972,1213641,347800,21625
736,1096552,1337965,513565,5867
737,603328,151984,981614,5867
738,201323,0,472362,5867
739,152169,0,741506,5867
740,121655,0,0,5867
741,79388,0,169646,5867
742,86078,0,0,5867
743,71056,0,66207,5867
744,60202,8837,78505,5867
745,45433,0,102225,5867
746,170686,0,0,5867
747,38128,0,0,5867
748,28765,0,0,5867
749,1981,0,0,5867
750,0,0,9293,5867
751,0,0,0,5867
752,0,0,0,5867
753,0,0,0,5867
754,0,0,0,5867
755,0,0,0,5867
756,0,0,0,5867
757,0,0,385156,5867
758,0,0,0,5867
759,306180,258799,125467,5867
760,1119877,9299929,13371345,27811
761,809837,2612477,1575853,27811
762,341381,843559,658995,27811
763,207392,1082370,836497,27811
764,186493,519355,417143,27811
765,144996,390285,340534,27811
766,141753,546300,392564,27811
767,65828,0,0,27811
768,51422,451975,117704,27811
769,23012,675,0,27811
770,16295,40153,60091,27811
771,11394,46063,137494,27811
772,9109,2383117,706800,27811
773,3822,1705101,739049,27811
774,0,12108,48149,27811
775,0,34967,8761,27811
776,0,7654,15613,27811
777,0,0,0,27811
778,0,366736,211341,27811
779,0,223632,378548,27811
780,310,8468,715,27811
781,0,0,0,27811
782,0,46961,82249,27811
783,255742,1089525,421657,27811
784,315216,32692,220332,23015
785,221913,0,121517,23015
786,85027,0,0,23015
787,71085,0,118080,23015
788,42757,0,102805,23015
789,23461,0,0,23015
790,4005,0,0,23015
791,4186,0,29683,23015
792,3032,0,0,23015
793,2679,0,0,23015
794,0,0,0,23015
795,0,0,193144,23015
796,0,0,0,23015
797,0,0,0,23015
798,0,0,25270,23015
799,0,0,242091,23015
800,1925,0,31395,23015
801,0,0,0,23015
802,0,0,93911,23015
803,0,0,0,23015
804,0,0,0,23015
805,229953,218183,159994,23015
806,90347,237214,263867,16136
807,63177,0,27143,16136
808,41017,0,0,16136
809,36250,0,45171,16136
810,6752,0,0,16136
811,4233,760426,1146850,16136
812,0,0,22023,16136
813,0,0,0,16136
814,0,0,5247,16136
815,0,0,0,16136
816,0,0,0,16136
817,0,0,607,16136
818,0,0,0,16136
819,0,0,0,16136
820,0,1629,0,16136
821,0,0,12896,16136
822,0,0,0,16136
823,12,540,0,16136
824,0,242,36973,16136
825,0,0,0,16136
826,0,0,0,16136
827,0,0,0,16136
828,0,0,0,16136
829,226032,144621,151412,16136
830,2314949,6349804,7199586,16614
831,803979,1489110,524208,16614
832,471187,245499,250746,16614
833,472405,1134738,0,16614
834,271160,72316,69050,16614
835,133840,207546,148270,16614
836,131769,270449,0,16614
837,108901,551094,135146,16614
838,108190,0,0,16614
839,72581,137584,106281,16614
840,58629,33376,41824,16614
841,26724,0,0,16614
842,20581,67184,0,16614
843,12544,70607,0,16614
844,6298,0,0,16614
845,5659,0,0,16614
846,4293,0,54122,16614
847,1,0,228065,16614
848,0,0,120335,16614
849,0,103816,0,16614
850,0,0,0,16614
851,0,0,0,16614
852,0,0,0,16614
853,0,0,0,16614
854,233326,704426,145883,16614
855,966692,32084,2491921,23596
856,480083,1029171,4132264,23596
857,402831,7905132,8856,23596
858,96779,24194,263806,23596
859,86412,198748,702350,23596
860,49537,0,117992,23596
861,32043,0,19007,23596
862,12011,0,2546,23596
863,8807,6410,188892,23596
864,4926,43291,468741,23596
865,5402,507406,1364090,23596
866,0,2136,69594,23596
867,0,6487,27062,23596
868,0,0,0,23596
869,0,2030,11865,23596
870,0,0,24374,23596
871,0,0,122839,23596
872,0,10818,66855,23596
873,458,0,0,23596
874,92,0,0,23596
875,0,642,0,23596
876,0,148848,891973,23596
877,49,0,190429,23596
878,153567,510340,210845,23596
879,6569017,10402628,18024019,11132
880,2306862,279614,810308,11132
881,1901985,166022,54346,11132
882,1572220,261852,1714657,11132
883,1969901,832705,739377,11132
884,1348714,865345,3304304,11132
885,1246063,376967,1466784,11132
886,1174004,560882,2183152,11132
887,1500381,583698,4344482,11132
888,1107352,174723,1575043,11132
889,961421,49090,617924,11132
890,887364,7824,5955,11132
891,1704339,610454,2090626,11132
892,595284,0,776740,11132
893,291126,13081,385405,11132
894,337760,140912,594163,11132
895,36491,11358,73834,11132
896,0,3,0,11132
897,0,0,0,11132
898,0,0,0,11132
899,0,0,0,11132
900,0,0,0,11132
901,0,0,0,11132
902,19,1368,2611,11132
903,150327,328312,12,11132
904,659564,1902711,1261384,62882
905,327005,44403,182126,62882
906,280258,47572,99461,62882
907,95131,0,617514,62882
908,148567,729565,740671,62882
909,70423,148626,232997,62882
910,51144,58304,83596,62882
911,28106,15475,108439,62882
912,13165,35179,21780,62882
913,9925,4436,32345,62882
914,5946,164369,456703,62882
915,5100,11505,69904,62882
916,4763,23731,7188,62882
917,1982,5845,25025,62882
918,0,1142,40241,62882
919,0,0,0,62882
920,0,2923,44046,62882
921,818,1237151,1556391,62882
922,0,0,48207,62882
923,0,75885,14113,62882
924,0,88090,188860,62882
925,323,93,95860,62882
926,0,0,11218,62882
927,127315,181392,71718,62882
928,12135,0,81779,11599
929,8393,0,0,11599
930,0,0,0,11599
931,62,5651,0,11599
932,0,42069,61168,11599
933,38,30103,31654,11599
934,0,14848,0,11599
935,572,0,0,11599
936,101,22680,99281,11599
937,309,0,0,11599
938,435,181631,281977,11599
939,0,0,0,11599
940,0,16674,0,11599
941,0,30307,73235,11599
942,0,18578,79514,11599
943,0,70398,145904,11599
944,1334,0,107313,11599
945,0,0,40027,11599
946,0,0,0,11599
947,0,0,0,11599
948,0,0,0,11599
949,0,0,58359,11599
950,0,0,0,11599
951,0,306189,72226,11599
952,851927,800552,2352251,7838
953,448629,417,877981,7838
954,209353,247767,1638383,7838
955,97907,220278,277844,7838
956,91465,91146,748457,7838
957,75867,167133,733743,7838
958,26300,75218,17453,7838
959,22074,1310,224670,7838
960,17230,0,414829,7838
961,11932,61587,0,7838
962,6770,9195,305935,7838
963,7474,7295,0,7838
964,2379,85373,914639,7838
965,27,0,74308,7838
966,0,0,354597,7838
967,0,12865,371047,7838
968,554,0,365759,7838
969,1472,0,1101,7838
970,0,48452,388322,7838
971,0,8706,0,7838
972,0,211103,489412,7838
973,0,0,0,7838
974,290,150018,774810,7838
975,108801,327193,351483,7838
976,71046,4914,1339942,16136
977,45229,597,1981137,16136
978,33478,11953,2782519,16136
979,19410,323590,842950,16136
980,13855,0,403,16136
981,3378,76345,1111535,16136
982,0,0,678614,16136
983,72,0,379077,16136
984,0,0,4787,16136
985,0,0,0,16136
986,0,0,965766,16136
987,0,0,1089381,16136
988,0,2900,225597,16136
989,0,0,0,16136
990,0,86229,2179,16136
991,1579,0,1552087,16136
992,0,8706,362007,16136
993,0,0,0,16136
994,0,0,0,16136
995,0,0,0,16136
996,0,0,0,16136
997,0,42806,55262,16136
998,21,0,56150,16136
999,0,0,0,16136
1000,52009,110671,447918,16136
1001,374983,0,0,49496
1002,324092,86512,686701,49496
1003,189319,40273,3143,49496
1004,62523,9230,73172,49496
1005,33179,33885,569325,49496
1006,30579,46140,29264,49496
1007,31519,63830,109593,49496
1008,16923,16487,83664,49496
1009,12458,10622,61620,49496
1010,11001,35604,328553,49496
1011,11400,0,80516,49496
1012,4160,0,13796,49496
1013,6814,10689,818,49496
1014,2256,7519,5772,49496
1015,19,0,17474,49496
1016,0,0,0,49496
1017,0,20991,0,49496
1018,0,1428,7648,49496
1019,921,41092,171892,49496
1020,0,0,61751,49496
1021,44,16193,7615,49496
1022,0,0,0,49496
1023,0,0,0,49496
1024,44733,208342,136426,49496
1025,45469,64433,110111,51399
1026,25231,0,54436,51399
1027,20121,6834,57955,51399
1028,16595,0,0,51399
1029,11415,0,0,51399
1030,10685,11098,132855,51399
1031,13342,17359,64582,51399
1032,19272,6684,1319462,51399
1033,6679,8504,0,51399
1034,4897,3793,15750,51399
1035,5657,0,23335,51399
1036,3519,298,21808,51399
1037,4257,0,20596,51399
1038,2199,1863,13795,51399
1039,1503,47334,205999,51399
1040,2417,2317,0,51399
1041,543,0,20519,51399
1042,701,0,9523,51399
1043,0,0,63697,51399
1044,558,0,158995,51399
1045,0,0,0,51399
1046,0,0,0,51399
1047,5,23422,0,51399
1048,53273,130550,98598,51399
1049,23404,41035,6492,14512
1050,7281,68998,1068362,14512
1051,5095,0,0,14512
1052,3736,62230,425366,14512
1053,1861,0,495456,14512
1054,1906,9561,0,14512
1055,0,0,8338,14512
1056,0,23460,57028,14512
1057,0,0,40886,14512
1058,130,4845,29395,14512
1059,101,0,0,14512
1060,1177,4645,16939,14512
1061,0,0,64535,14512
1062,50,118888,54254,14512
1063,0,16603,262934,14512
1064,194,0,5546,14512
1065,0,38364,121729,14512
1066,41,1233,15044,14512
1067,0,17499,71290,14512
1068,0,50029,59980,14512
1069,0,0,0,14512
1070,0,0,30569,14512
1071,0,0,74090,14512
1072,31475,189181,87433,14512
1073,343805,278970,1083243,2568
1074,89133,181716,347327,2568
1075,83595,75342,450532,2568
1076,76161,0,129597,2568
1077,57057,24253,0,2568
1078,39102,520535,2357636,2568
1079,70763,0,132608,2568
1080,24055,1581,24874,2568
1081,27513,56489,184965,2568
1082,17098,0,14436,2568
1083,17882,8111,39205,2568
1084,12361,20708,66962,2568
1085,9805,1407,39049,2568
1086,6989,0,29087,2568
1087,0,0,0,2568
1088,0,1888,0,2568
1089,0,0,567,2568
1090,138,0,180,2568
1091,0,1794,0,2568
1092,2036,0,995,2568
1093,943,17581,0,2568
1094,103,6653,0,2568
1095,0,2223,0,2568
1096,45852,72569,108729,2568
1097,246923,22101,319735,49175
1098,209808,46845,993038,49175
1099,99968,7690,54496,49175
1100,31005,0,34480,49175
1101,15045,0,107085,49175
1102,11835,0,41265,49175
1103,7495,2250,33125,49175
1104,9774,2418,156819,49175
1105,3977,0,29705,49175
1106,3214,0,13393,49175
1107,0,0,9102,49175
1108,0,0,3474,49175
1109,1063,2543,49370,49175
1110,0,646,47284,49175
1111,0,0,33699,49175
1112,0,0,49617,49175
1113,0,0,6040,49175
1114,0,0,0,49175
1115,0,0,0,49175
1116,0,0,0,49175
1117,960,0,123767,49175
1118,1431,0,0,49175
1119,0,0,170681,49175
1120,6365404,43348759,6470939,16136
1121,8377857,6980919,4254325,57467
1122,7654190,29065925,5220225,42609
1123,3633204,6222099,4291319,16136
1124,6357266,19138501,1817493,16136
1125,4123656,18240116,3532199,57467
1126,3391277,8679285,1899302,57467
1127,5698743,20966525,2062215,6572
1128,3406098,6473549,1781155,57467
1129,3764141,2188541,2572166,57467
1130,2057257,3376309,1634796,57467
1131,3559718,4169587,1311072,42609
1132,6161868,34937536,6767835,42609
1133,4731116,15643270,2965286,57467
1134,2112618,10940449,1929250,48730
1135,5761162,11376869,8547276,57467
1136,7429770,21421634,4628869,57467
1137,3335565,8965449,6368226,57467
1138,2519895,3456175,1217172,57467
1139,2227181,5393181,1536035,57467
1140,2861756,10136456,2053585,42609
1141,2266049,1735467,1076710,57467
1142,2072053,4131888,1440295,57467
1143,3276952,9085109,2593246,57467
1144,3387506,3252674,1467509,57467
1145,360051,243488,19732,57467
1146,2660586,4344204,1177549,57467
1147,2959538,2549122,790808,41466
1148,3376180,7187980,2129036,57467
1149,2344225,2037633,801695,57467
1150,1554574,3088694,610692,42609
1151,1343740,1896896,571387,57467
1152,2374119,4006769,2119491,57467
1153,2630419,9880372,2422823,57467
1154,1593881,3430166,1266857,57467
1155,4959163,13462168,1910097,57467
1156,1466782,2382518,617120,57467
1157,1392612,1244670,716215,57467
1158,983533,2281334,769069,57467
1159,4353142,7044451,3049197,57467
1160,4381710,12544212,1078073,57467
1161,1195129,2414552,628624,57467
1162,404691,610303,176228,42609
1163,1241160,2146699,163914,42609
1164,2029032,5252646,1216743,57467
1165,1442802,2351917,476189,57467
1166,332252,525195,89521,42609
1167,12752,3557,1659,42609
1168,1430108,2285604,518750,42609
1169,1639859,3735107,2366214,42609
1170,1148851,6539357,1955467,42609
1171,3490758,402555,2037913,57467
1172,1237596,2211094,716692,57467
1173,3360993,210068,409655,57467
1174,2098741,5985818,1714671,57467
1175,1142497,2644009,211950,42609
1176,1716363,2290127,1366938,57467
1177,3042906,363379,1449356,57467
1178,1842749,1374162,726089,57467
1179,1318326,4006396,825097,57467
1180,1458042,2305101,766020,57467
1181,1810320,3057735,1077445,57467
1182,579970,769424,279634,57467
1183,2642669,7232673,3406371,57467
1184,1500644,4432661,769225,57467
1185,843972,1827254,619405,57467
1186,20112,2197633,999572,57467
1187,1151987,2434095,1017901,57467
1188,900041,1644487,999132,57467
1189,1597331,2784241,661478,57467
1190,2201058,8903089,1974349,42609
1191,1846236,1699052,402688,57467
1192,167206,1165819,249193,42609
1193,1518814,1654717,512272,57467
1194,789116,1276597,367516,57467
1195,1378657,3836869,1861930,57467
1196,1536715,1702336,1126298,57467
1197,998326,6087781,744589,57467
1198,581429,1658148,264592,42609
1199,869283,1539364,852580,57467
1200,1007168,1910087,735246,57467
1201,1816368,3940271,1608215,57467
1202,498979,4023608,495581,42609
1203,862844,1812557,708782,57467
1204,1040239,1531199,725068,57467
1205,1069553,1045745,332594,57467
1206,1686685,373331,707367,57467
1207,1138673,3315779,1229000,57467
1208,951909,3063824,336004,42609
1209,919430,1686330,287767,57467
1210,883805,1900198,1069740,57467
1211,945654,1298725,309183,42609
1212,381883,748728,281600,57467
1213,897317,2722734,793280,57467
1214,916925,1362334,226886,42609
1215,266463,317695,65436,42609
1216,1471013,2211181,913523,57467
1217,807188,2000739,626619,57467
1218,835473,1747784,925274,57467
1219,952355,1833328,527233,42609
1220,854201,845906,194833,42609
1221,1212856,1637417,777546,57467
1222,540673,805050,297441,57467
1223,1264233,1952066,621465,57467
1224,1256593,2182169,677567,57467
1225,445069,257131,0,42609
1226,408137,1007261,108954,42609
1227,1241545,1912011,548577,57467
1228,1158977,1556396,610705,57467
1229,839553,1670999,179866,42609
1230,815393,1569455,486220,57467
1231,368835,1060769,0,42609
1232,379233,403910,201504,42609
1233,1068908,1337537,637031,57467
1234,1056736,0,539635,57467
1235,1054619,1268466,699283,57467
1236,937239,716068,474620,57467
1237,1020204,1366495,419024,57467
1238,577229,7889353,298566,16136
1239,412614,819088,84576,42609
1240,280378,439875,68700,42609
1241,213788,277124,63844,42609
1242,254368,379898,50476,42609
1243,545317,1226630,518995,57467
1244,1000740,2231386,511777,57467
1245,557494,728436,228327,57467
1246,968343,887944,436370,57467
1247,572484,796802,79907,42609
1248,940098,1831050,574469,57467
1249,815422,960825,375496,57467
1250,930925,207298,167363,57467
1251,930925,207298,167373,57467
1252,328568,736089,420306,57467
1253,918161,1480502,591884,57467
1254,916051,6420923,643248,42609
1255,892730,1767296,841057,57467
1256,838620,843285,560567,42609
1257,15419,4685,2628,42609
1258,120388,132555,74418,42609
1259,224801,344083,62537,42609
1260,830252,1255445,332326,57467
1261,816076,1172584,361410,57467
1262,667070,937030,334099,57467
1263,190811,157683,22941,42609
1264,753528,803365,474814,57467
1265,738380,1198320,569553,57467
1266,89847,102111,31748,42609
1267,727014,99471,340491,57467
1268,704417,1075436,247869,42609
1269,94150,179901,20321,42609
1270,358797,364209,188776,42609
1271,680672,596132,255526,68883
1272,658483,598571,225255,57467
1273,7837,402343,147344,42609
1274,174955,218425,92559,42609
1275,636188,627508,380631,57467
1276,608876,1199277,270636,57467
1277,158338,121917,40747,42609
1278,408008,1083594,0,42609
1279,244729,8474,44647,42609
1280,554323,1079721,264045,57467
1281,549377,60504,0,57467
1282,1338,52,474386,57467
1283,542517,726998,229838,57467
1284,71829,5615,20990,42609
1285,531943,919143,298519,57467
1286,268209,336815,70579,42609
1287,99661,119604,26,42609
1288,398419,722268,67773,42609
1289,485859,400984,0,57467
1290,485330,176734,55991,57467
1291,344135,305235,99840,57467
1292,168611,294530,18816,42609
1293,467499,2110681,677259,57467
1294,38994,12019,8044,42609
1295,389530,2268600,515079,57467
1296,433975,114509,167874,42609
1297,425466,309261,88413,57467
1298,406790,349013,160714,57467
1299,122829,230229,30346,42609
1300,390619,227904,74190,57467
1301,235309,344302,0,42609
1302,385000,330013,113201,57467
1303,96783,147839,21689,42609
1304,316897,262750,94500,42609
1305,332966,333260,72330,57467
1306,191235,1084193,45643,42609
1307,183907,173243,43366,42609
1308,259365,390583,192829,42609
1309,349990,719551,207884,57467
1310,332318,224584,86937,57467
1311,336361,262521,108971,42609
1312,194882,337440,115706,57467
1313,59555,83631,6490,42609
1314,128108,147619,36583,42609
1315,75584,38978,15433,42609
1316,47845,50270,12818,42609
1317,293161,354736,39710,42609
1318,111539,136770,17888,42609
1319,108780,238691,0,42609
1320,259772,175078,54655,57467
1321,47255,37547,14238,42609
1322,272961,276278,32620,42609
1323,253837,391222,4501,42609
1324,252320,472855,100562,42609
1325,87459,18246,13614,42609
1326,15944,131426,12282,42609
1327,116483,88309,0,42609
1328,61747,23262,10818,42609
1329,207569,13784996,0,36305
1330,205292,1015397,122575,57467
1331,199502,275216,29261,42609
1332,7713,80705,12992,42609
1333,193290,324278,167378,57467
1334,180342,4924257,423612,42609
1335,118624,147038,6881,42609
1336,35136,44437,12436,42609
1337,64960,104351,18744,42609
